Level1,Level2,Level3,Description
Alpha1,A1,,Alpha1/A1 - depth-2 leaf (uniform-shallow branch 1 of 10)
Alpha1,A2,,Alpha1/A2 - depth-2 leaf (uniform-shallow branch 1 of 10)
Alpha1,A3,,Alpha1/A3 - depth-2 leaf (uniform-shallow branch 1 of 10)
Alpha1,A4,,Alpha1/A4 - depth-2 leaf (uniform-shallow branch 1 of 10)
Alpha1,A5,,Alpha1/A5 - depth-2 leaf (uniform-shallow branch 1 of 10)
Alpha1,A6,,Alpha1/A6 - depth-2 leaf (uniform-shallow branch 1 of 10)
Alpha2,A1,,Alpha2/A1 - depth-2 leaf (uniform-shallow branch 2 of 10)
Alpha2,A2,,Alpha2/A2 - depth-2 leaf (uniform-shallow branch 2 of 10)
Alpha2,A3,,Alpha2/A3 - depth-2 leaf (uniform-shallow branch 2 of 10)
Alpha2,A4,,Alpha2/A4 - depth-2 leaf (uniform-shallow branch 2 of 10)
Alpha2,A5,,Alpha2/A5 - depth-2 leaf (uniform-shallow branch 2 of 10)
Alpha2,A6,,Alpha2/A6 - depth-2 leaf (uniform-shallow branch 2 of 10)
Alpha3,A1,,Alpha3/A1 - depth-2 leaf (uniform-shallow branch 3 of 10)
Alpha3,A2,,Alpha3/A2 - depth-2 leaf (uniform-shallow branch 3 of 10)
Alpha3,A3,,Alpha3/A3 - depth-2 leaf (uniform-shallow branch 3 of 10)
Alpha3,A4,,Alpha3/A4 - depth-2 leaf (uniform-shallow branch 3 of 10)
Alpha3,A5,,Alpha3/A5 - depth-2 leaf (uniform-shallow branch 3 of 10)
Alpha3,A6,,Alpha3/A6 - depth-2 leaf (uniform-shallow branch 3 of 10)
Alpha4,A1,,Alpha4/A1 - depth-2 leaf (uniform-shallow branch 4 of 10)
Alpha4,A2,,Alpha4/A2 - depth-2 leaf (uniform-shallow branch 4 of 10)
Alpha4,A3,,Alpha4/A3 - depth-2 leaf (uniform-shallow branch 4 of 10)
Alpha4,A4,,Alpha4/A4 - depth-2 leaf (uniform-shallow branch 4 of 10)
Alpha4,A5,,Alpha4/A5 - depth-2 leaf (uniform-shallow branch 4 of 10)
Alpha4,A6,,Alpha4/A6 - depth-2 leaf (uniform-shallow branch 4 of 10)
Alpha5,A1,,Alpha5/A1 - depth-2 leaf (uniform-shallow branch 5 of 10)
Alpha5,A2,,Alpha5/A2 - depth-2 leaf (uniform-shallow branch 5 of 10)
Alpha5,A3,,Alpha5/A3 - depth-2 leaf (uniform-shallow branch 5 of 10)
Alpha5,A4,,Alpha5/A4 - depth-2 leaf (uniform-shallow branch 5 of 10)
Alpha5,A5,,Alpha5/A5 - depth-2 leaf (uniform-shallow branch 5 of 10)
Alpha5,A6,,Alpha5/A6 - depth-2 leaf (uniform-shallow branch 5 of 10)
Alpha6,A1,,Alpha6/A1 - depth-2 leaf (uniform-shallow branch 6 of 10)
Alpha6,A2,,Alpha6/A2 - depth-2 leaf (uniform-shallow branch 6 of 10)
Alpha6,A3,,Alpha6/A3 - depth-2 leaf (uniform-shallow branch 6 of 10)
Alpha6,A4,,Alpha6/A4 - depth-2 leaf (uniform-shallow branch 6 of 10)
Alpha6,A5,,Alpha6/A5 - depth-2 leaf (uniform-shallow branch 6 of 10)
Alpha6,A6,,Alpha6/A6 - depth-2 leaf (uniform-shallow branch 6 of 10)
Alpha7,A1,,Alpha7/A1 - depth-2 leaf (uniform-shallow branch 7 of 10)
Alpha7,A2,,Alpha7/A2 - depth-2 leaf (uniform-shallow branch 7 of 10)
Alpha7,A3,,Alpha7/A3 - depth-2 leaf (uniform-shallow branch 7 of 10)
Alpha7,A4,,Alpha7/A4 - depth-2 leaf (uniform-shallow branch 7 of 10)
Alpha7,A5,,Alpha7/A5 - depth-2 leaf (uniform-shallow branch 7 of 10)
Alpha7,A6,,Alpha7/A6 - depth-2 leaf (uniform-shallow branch 7 of 10)
Alpha8,A1,,Alpha8/A1 - depth-2 leaf (uniform-shallow branch 8 of 10)
Alpha8,A2,,Alpha8/A2 - depth-2 leaf (uniform-shallow branch 8 of 10)
Alpha8,A3,,Alpha8/A3 - depth-2 leaf (uniform-shallow branch 8 of 10)
Alpha8,A4,,Alpha8/A4 - depth-2 leaf (uniform-shallow branch 8 of 10)
Alpha8,A5,,Alpha8/A5 - depth-2 leaf (uniform-shallow branch 8 of 10)
Alpha8,A6,,Alpha8/A6 - depth-2 leaf (uniform-shallow branch 8 of 10)
Alpha9,A1,,Alpha9/A1 - depth-2 leaf (uniform-shallow branch 9 of 10)
Alpha9,A2,,Alpha9/A2 - depth-2 leaf (uniform-shallow branch 9 of 10)
Alpha9,A3,,Alpha9/A3 - depth-2 leaf (uniform-shallow branch 9 of 10)
Alpha9,A4,,Alpha9/A4 - depth-2 leaf (uniform-shallow branch 9 of 10)
Alpha9,A5,,Alpha9/A5 - depth-2 leaf (uniform-shallow branch 9 of 10)
Alpha9,A6,,Alpha9/A6 - depth-2 leaf (uniform-shallow branch 9 of 10)
Alpha10,A1,,Alpha10/A1 - depth-2 leaf (uniform-shallow branch 10 of 10)
Alpha10,A2,,Alpha10/A2 - depth-2 leaf (uniform-shallow branch 10 of 10)
Alpha10,A3,,Alpha10/A3 - depth-2 leaf (uniform-shallow branch 10 of 10)
Alpha10,A4,,Alpha10/A4 - depth-2 leaf (uniform-shallow branch 10 of 10)
Alpha10,A5,,Alpha10/A5 - depth-2 leaf (uniform-shallow branch 10 of 10)
Alpha10,A6,,Alpha10/A6 - depth-2 leaf (uniform-shallow branch 10 of 10)
Beta1,B1,B1-1,Beta1/B1/B1-1 - depth-3 leaf (uneven-width branch 1 of 10)
Beta1,B1,B1-2,Beta1/B1/B1-2 - depth-3 leaf (uneven-width branch 1 of 10)
Beta1,B1,B1-3,Beta1/B1/B1-3 - depth-3 leaf (uneven-width branch 1 of 10)
Beta1,B1,B1-4,Beta1/B1/B1-4 - depth-3 leaf (uneven-width branch 1 of 10)
Beta1,B2,B2-1,Beta1/B2/B2-1 - depth-3 leaf (uneven-width branch 1 of 10)
Beta1,B3,B3-1,Beta1/B3/B3-1 - depth-3 leaf (uneven-width branch 1 of 10)
Beta1,B3,B3-2,Beta1/B3/B3-2 - depth-3 leaf (uneven-width branch 1 of 10)
Beta1,B3,B3-3,Beta1/B3/B3-3 - depth-3 leaf (uneven-width branch 1 of 10)
Beta1,B3,B3-4,Beta1/B3/B3-4 - depth-3 leaf (uneven-width branch 1 of 10)
Beta1,B3,B3-5,Beta1/B3/B3-5 - depth-3 leaf (uneven-width branch 1 of 10)
Beta1,B3,B3-6,Beta1/B3/B3-6 - depth-3 leaf (uneven-width branch 1 of 10)
Beta1,B3,B3-7,Beta1/B3/B3-7 - depth-3 leaf (uneven-width branch 1 of 10)
Beta2,B1,B1-1,Beta2/B1/B1-1 - depth-3 leaf (uneven-width branch 2 of 10)
Beta2,B1,B1-2,Beta2/B1/B1-2 - depth-3 leaf (uneven-width branch 2 of 10)
Beta2,B1,B1-3,Beta2/B1/B1-3 - depth-3 leaf (uneven-width branch 2 of 10)
Beta2,B1,B1-4,Beta2/B1/B1-4 - depth-3 leaf (uneven-width branch 2 of 10)
Beta2,B2,B2-1,Beta2/B2/B2-1 - depth-3 leaf (uneven-width branch 2 of 10)
Beta2,B3,B3-1,Beta2/B3/B3-1 - depth-3 leaf (uneven-width branch 2 of 10)
Beta2,B3,B3-2,Beta2/B3/B3-2 - depth-3 leaf (uneven-width branch 2 of 10)
Beta2,B3,B3-3,Beta2/B3/B3-3 - depth-3 leaf (uneven-width branch 2 of 10)
Beta2,B3,B3-4,Beta2/B3/B3-4 - depth-3 leaf (uneven-width branch 2 of 10)
Beta2,B3,B3-5,Beta2/B3/B3-5 - depth-3 leaf (uneven-width branch 2 of 10)
Beta2,B3,B3-6,Beta2/B3/B3-6 - depth-3 leaf (uneven-width branch 2 of 10)
Beta2,B3,B3-7,Beta2/B3/B3-7 - depth-3 leaf (uneven-width branch 2 of 10)
Beta3,B1,B1-1,Beta3/B1/B1-1 - depth-3 leaf (uneven-width branch 3 of 10)
Beta3,B1,B1-2,Beta3/B1/B1-2 - depth-3 leaf (uneven-width branch 3 of 10)
Beta3,B1,B1-3,Beta3/B1/B1-3 - depth-3 leaf (uneven-width branch 3 of 10)
Beta3,B1,B1-4,Beta3/B1/B1-4 - depth-3 leaf (uneven-width branch 3 of 10)
Beta3,B2,B2-1,Beta3/B2/B2-1 - depth-3 leaf (uneven-width branch 3 of 10)
Beta3,B3,B3-1,Beta3/B3/B3-1 - depth-3 leaf (uneven-width branch 3 of 10)
Beta3,B3,B3-2,Beta3/B3/B3-2 - depth-3 leaf (uneven-width branch 3 of 10)
Beta3,B3,B3-3,Beta3/B3/B3-3 - depth-3 leaf (uneven-width branch 3 of 10)
Beta3,B3,B3-4,Beta3/B3/B3-4 - depth-3 leaf (uneven-width branch 3 of 10)
Beta3,B3,B3-5,Beta3/B3/B3-5 - depth-3 leaf (uneven-width branch 3 of 10)
Beta3,B3,B3-6,Beta3/B3/B3-6 - depth-3 leaf (uneven-width branch 3 of 10)
Beta3,B3,B3-7,Beta3/B3/B3-7 - depth-3 leaf (uneven-width branch 3 of 10)
Beta4,B1,B1-1,Beta4/B1/B1-1 - depth-3 leaf (uneven-width branch 4 of 10)
Beta4,B1,B1-2,Beta4/B1/B1-2 - depth-3 leaf (uneven-width branch 4 of 10)
Beta4,B1,B1-3,Beta4/B1/B1-3 - depth-3 leaf (uneven-width branch 4 of 10)
Beta4,B1,B1-4,Beta4/B1/B1-4 - depth-3 leaf (uneven-width branch 4 of 10)
Beta4,B2,B2-1,Beta4/B2/B2-1 - depth-3 leaf (uneven-width branch 4 of 10)
Beta4,B3,B3-1,Beta4/B3/B3-1 - depth-3 leaf (uneven-width branch 4 of 10)
Beta4,B3,B3-2,Beta4/B3/B3-2 - depth-3 leaf (uneven-width branch 4 of 10)
Beta4,B3,B3-3,Beta4/B3/B3-3 - depth-3 leaf (uneven-width branch 4 of 10)
Beta4,B3,B3-4,Beta4/B3/B3-4 - depth-3 leaf (uneven-width branch 4 of 10)
Beta4,B3,B3-5,Beta4/B3/B3-5 - depth-3 leaf (uneven-width branch 4 of 10)
Beta4,B3,B3-6,Beta4/B3/B3-6 - depth-3 leaf (uneven-width branch 4 of 10)
Beta4,B3,B3-7,Beta4/B3/B3-7 - depth-3 leaf (uneven-width branch 4 of 10)
Beta5,B1,B1-1,Beta5/B1/B1-1 - depth-3 leaf (uneven-width branch 5 of 10)
Beta5,B1,B1-2,Beta5/B1/B1-2 - depth-3 leaf (uneven-width branch 5 of 10)
Beta5,B1,B1-3,Beta5/B1/B1-3 - depth-3 leaf (uneven-width branch 5 of 10)
Beta5,B1,B1-4,Beta5/B1/B1-4 - depth-3 leaf (uneven-width branch 5 of 10)
Beta5,B2,B2-1,Beta5/B2/B2-1 - depth-3 leaf (uneven-width branch 5 of 10)
Beta5,B3,B3-1,Beta5/B3/B3-1 - depth-3 leaf (uneven-width branch 5 of 10)
Beta5,B3,B3-2,Beta5/B3/B3-2 - depth-3 leaf (uneven-width branch 5 of 10)
Beta5,B3,B3-3,Beta5/B3/B3-3 - depth-3 leaf (uneven-width branch 5 of 10)
Beta5,B3,B3-4,Beta5/B3/B3-4 - depth-3 leaf (uneven-width branch 5 of 10)
Beta5,B3,B3-5,Beta5/B3/B3-5 - depth-3 leaf (uneven-width branch 5 of 10)
Beta5,B3,B3-6,Beta5/B3/B3-6 - depth-3 leaf (uneven-width branch 5 of 10)
Beta5,B3,B3-7,Beta5/B3/B3-7 - depth-3 leaf (uneven-width branch 5 of 10)
Beta6,B1,B1-1,Beta6/B1/B1-1 - depth-3 leaf (uneven-width branch 6 of 10)
Beta6,B1,B1-2,Beta6/B1/B1-2 - depth-3 leaf (uneven-width branch 6 of 10)
Beta6,B1,B1-3,Beta6/B1/B1-3 - depth-3 leaf (uneven-width branch 6 of 10)
Beta6,B1,B1-4,Beta6/B1/B1-4 - depth-3 leaf (uneven-width branch 6 of 10)
Beta6,B2,B2-1,Beta6/B2/B2-1 - depth-3 leaf (uneven-width branch 6 of 10)
Beta6,B3,B3-1,Beta6/B3/B3-1 - depth-3 leaf (uneven-width branch 6 of 10)
Beta6,B3,B3-2,Beta6/B3/B3-2 - depth-3 leaf (uneven-width branch 6 of 10)
Beta6,B3,B3-3,Beta6/B3/B3-3 - depth-3 leaf (uneven-width branch 6 of 10)
Beta6,B3,B3-4,Beta6/B3/B3-4 - depth-3 leaf (uneven-width branch 6 of 10)
Beta6,B3,B3-5,Beta6/B3/B3-5 - depth-3 leaf (uneven-width branch 6 of 10)
Beta6,B3,B3-6,Beta6/B3/B3-6 - depth-3 leaf (uneven-width branch 6 of 10)
Beta6,B3,B3-7,Beta6/B3/B3-7 - depth-3 leaf (uneven-width branch 6 of 10)
Beta7,B1,B1-1,Beta7/B1/B1-1 - depth-3 leaf (uneven-width branch 7 of 10)
Beta7,B1,B1-2,Beta7/B1/B1-2 - depth-3 leaf (uneven-width branch 7 of 10)
Beta7,B1,B1-3,Beta7/B1/B1-3 - depth-3 leaf (uneven-width branch 7 of 10)
Beta7,B1,B1-4,Beta7/B1/B1-4 - depth-3 leaf (uneven-width branch 7 of 10)
Beta7,B2,B2-1,Beta7/B2/B2-1 - depth-3 leaf (uneven-width branch 7 of 10)
Beta7,B3,B3-1,Beta7/B3/B3-1 - depth-3 leaf (uneven-width branch 7 of 10)
Beta7,B3,B3-2,Beta7/B3/B3-2 - depth-3 leaf (uneven-width branch 7 of 10)
Beta7,B3,B3-3,Beta7/B3/B3-3 - depth-3 leaf (uneven-width branch 7 of 10)
Beta7,B3,B3-4,Beta7/B3/B3-4 - depth-3 leaf (uneven-width branch 7 of 10)
Beta7,B3,B3-5,Beta7/B3/B3-5 - depth-3 leaf (uneven-width branch 7 of 10)
Beta7,B3,B3-6,Beta7/B3/B3-6 - depth-3 leaf (uneven-width branch 7 of 10)
Beta7,B3,B3-7,Beta7/B3/B3-7 - depth-3 leaf (uneven-width branch 7 of 10)
Beta8,B1,B1-1,Beta8/B1/B1-1 - depth-3 leaf (uneven-width branch 8 of 10)
Beta8,B1,B1-2,Beta8/B1/B1-2 - depth-3 leaf (uneven-width branch 8 of 10)
Beta8,B1,B1-3,Beta8/B1/B1-3 - depth-3 leaf (uneven-width branch 8 of 10)
Beta8,B1,B1-4,Beta8/B1/B1-4 - depth-3 leaf (uneven-width branch 8 of 10)
Beta8,B2,B2-1,Beta8/B2/B2-1 - depth-3 leaf (uneven-width branch 8 of 10)
Beta8,B3,B3-1,Beta8/B3/B3-1 - depth-3 leaf (uneven-width branch 8 of 10)
Beta8,B3,B3-2,Beta8/B3/B3-2 - depth-3 leaf (uneven-width branch 8 of 10)
Beta8,B3,B3-3,Beta8/B3/B3-3 - depth-3 leaf (uneven-width branch 8 of 10)
Beta8,B3,B3-4,Beta8/B3/B3-4 - depth-3 leaf (uneven-width branch 8 of 10)
Beta8,B3,B3-5,Beta8/B3/B3-5 - depth-3 leaf (uneven-width branch 8 of 10)
Beta8,B3,B3-6,Beta8/B3/B3-6 - depth-3 leaf (uneven-width branch 8 of 10)
Beta8,B3,B3-7,Beta8/B3/B3-7 - depth-3 leaf (uneven-width branch 8 of 10)
Beta9,B1,B1-1,Beta9/B1/B1-1 - depth-3 leaf (uneven-width branch 9 of 10)
Beta9,B1,B1-2,Beta9/B1/B1-2 - depth-3 leaf (uneven-width branch 9 of 10)
Beta9,B1,B1-3,Beta9/B1/B1-3 - depth-3 leaf (uneven-width branch 9 of 10)
Beta9,B1,B1-4,Beta9/B1/B1-4 - depth-3 leaf (uneven-width branch 9 of 10)
Beta9,B2,B2-1,Beta9/B2/B2-1 - depth-3 leaf (uneven-width branch 9 of 10)
Beta9,B3,B3-1,Beta9/B3/B3-1 - depth-3 leaf (uneven-width branch 9 of 10)
Beta9,B3,B3-2,Beta9/B3/B3-2 - depth-3 leaf (uneven-width branch 9 of 10)
Beta9,B3,B3-3,Beta9/B3/B3-3 - depth-3 leaf (uneven-width branch 9 of 10)
Beta9,B3,B3-4,Beta9/B3/B3-4 - depth-3 leaf (uneven-width branch 9 of 10)
Beta9,B3,B3-5,Beta9/B3/B3-5 - depth-3 leaf (uneven-width branch 9 of 10)
Beta9,B3,B3-6,Beta9/B3/B3-6 - depth-3 leaf (uneven-width branch 9 of 10)
Beta9,B3,B3-7,Beta9/B3/B3-7 - depth-3 leaf (uneven-width branch 9 of 10)
Beta10,B1,B1-1,Beta10/B1/B1-1 - depth-3 leaf (uneven-width branch 10 of 10)
Beta10,B1,B1-2,Beta10/B1/B1-2 - depth-3 leaf (uneven-width branch 10 of 10)
Beta10,B1,B1-3,Beta10/B1/B1-3 - depth-3 leaf (uneven-width branch 10 of 10)
Beta10,B1,B1-4,Beta10/B1/B1-4 - depth-3 leaf (uneven-width branch 10 of 10)
Beta10,B2,B2-1,Beta10/B2/B2-1 - depth-3 leaf (uneven-width branch 10 of 10)
Beta10,B3,B3-1,Beta10/B3/B3-1 - depth-3 leaf (uneven-width branch 10 of 10)
Beta10,B3,B3-2,Beta10/B3/B3-2 - depth-3 leaf (uneven-width branch 10 of 10)
Beta10,B3,B3-3,Beta10/B3/B3-3 - depth-3 leaf (uneven-width branch 10 of 10)
Beta10,B3,B3-4,Beta10/B3/B3-4 - depth-3 leaf (uneven-width branch 10 of 10)
Beta10,B3,B3-5,Beta10/B3/B3-5 - depth-3 leaf (uneven-width branch 10 of 10)
Beta10,B3,B3-6,Beta10/B3/B3-6 - depth-3 leaf (uneven-width branch 10 of 10)
Beta10,B3,B3-7,Beta10/B3/B3-7 - depth-3 leaf (uneven-width branch 10 of 10)
Gamma1,G1,G1-1,Gamma1/G1/G1-1 - depth-3 leaf (mixed-depth branch 1 of 10)
Gamma1,G1,G1-2,Gamma1/G1/G1-2 - depth-3 leaf (mixed-depth branch 1 of 10)
Gamma1,G1,G1-3,Gamma1/G1/G1-3 - depth-3 leaf (mixed-depth branch 1 of 10)
Gamma1,G2,,Gamma1/G2 event A - depth-2 leaf sharing a node (branch 1 of 10)
Gamma1,G2,,Gamma1/G2 event B - second event on the same shared leaf (branch 1 of 10)
Gamma2,G1,G1-1,Gamma2/G1/G1-1 - depth-3 leaf (mixed-depth branch 2 of 10)
Gamma2,G1,G1-2,Gamma2/G1/G1-2 - depth-3 leaf (mixed-depth branch 2 of 10)
Gamma2,G1,G1-3,Gamma2/G1/G1-3 - depth-3 leaf (mixed-depth branch 2 of 10)
Gamma2,G2,,Gamma2/G2 event A - depth-2 leaf sharing a node (branch 2 of 10)
Gamma2,G2,,Gamma2/G2 event B - second event on the same shared leaf (branch 2 of 10)
Gamma3,G1,G1-1,Gamma3/G1/G1-1 - depth-3 leaf (mixed-depth branch 3 of 10)
Gamma3,G1,G1-2,Gamma3/G1/G1-2 - depth-3 leaf (mixed-depth branch 3 of 10)
Gamma3,G1,G1-3,Gamma3/G1/G1-3 - depth-3 leaf (mixed-depth branch 3 of 10)
Gamma3,G2,,Gamma3/G2 event A - depth-2 leaf sharing a node (branch 3 of 10)
Gamma3,G2,,Gamma3/G2 event B - second event on the same shared leaf (branch 3 of 10)
Gamma4,G1,G1-1,Gamma4/G1/G1-1 - depth-3 leaf (mixed-depth branch 4 of 10)
Gamma4,G1,G1-2,Gamma4/G1/G1-2 - depth-3 leaf (mixed-depth branch 4 of 10)
Gamma4,G1,G1-3,Gamma4/G1/G1-3 - depth-3 leaf (mixed-depth branch 4 of 10)
Gamma4,G2,,Gamma4/G2 event A - depth-2 leaf sharing a node (branch 4 of 10)
Gamma4,G2,,Gamma4/G2 event B - second event on the same shared leaf (branch 4 of 10)
Gamma5,G1,G1-1,Gamma5/G1/G1-1 - depth-3 leaf (mixed-depth branch 5 of 10)
Gamma5,G1,G1-2,Gamma5/G1/G1-2 - depth-3 leaf (mixed-depth branch 5 of 10)
Gamma5,G1,G1-3,Gamma5/G1/G1-3 - depth-3 leaf (mixed-depth branch 5 of 10)
Gamma5,G2,,Gamma5/G2 event A - depth-2 leaf sharing a node (branch 5 of 10)
Gamma5,G2,,Gamma5/G2 event B - second event on the same shared leaf (branch 5 of 10)
Gamma6,G1,G1-1,Gamma6/G1/G1-1 - depth-3 leaf (mixed-depth branch 6 of 10)
Gamma6,G1,G1-2,Gamma6/G1/G1-2 - depth-3 leaf (mixed-depth branch 6 of 10)
Gamma6,G1,G1-3,Gamma6/G1/G1-3 - depth-3 leaf (mixed-depth branch 6 of 10)
Gamma6,G2,,Gamma6/G2 event A - depth-2 leaf sharing a node (branch 6 of 10)
Gamma6,G2,,Gamma6/G2 event B - second event on the same shared leaf (branch 6 of 10)
Gamma7,G1,G1-1,Gamma7/G1/G1-1 - depth-3 leaf (mixed-depth branch 7 of 10)
Gamma7,G1,G1-2,Gamma7/G1/G1-2 - depth-3 leaf (mixed-depth branch 7 of 10)
Gamma7,G1,G1-3,Gamma7/G1/G1-3 - depth-3 leaf (mixed-depth branch 7 of 10)
Gamma7,G2,,Gamma7/G2 event A - depth-2 leaf sharing a node (branch 7 of 10)
Gamma7,G2,,Gamma7/G2 event B - second event on the same shared leaf (branch 7 of 10)
Gamma8,G1,G1-1,Gamma8/G1/G1-1 - depth-3 leaf (mixed-depth branch 8 of 10)
Gamma8,G1,G1-2,Gamma8/G1/G1-2 - depth-3 leaf (mixed-depth branch 8 of 10)
Gamma8,G1,G1-3,Gamma8/G1/G1-3 - depth-3 leaf (mixed-depth branch 8 of 10)
Gamma8,G2,,Gamma8/G2 event A - depth-2 leaf sharing a node (branch 8 of 10)
Gamma8,G2,,Gamma8/G2 event B - second event on the same shared leaf (branch 8 of 10)
Gamma9,G1,G1-1,Gamma9/G1/G1-1 - depth-3 leaf (mixed-depth branch 9 of 10)
Gamma9,G1,G1-2,Gamma9/G1/G1-2 - depth-3 leaf (mixed-depth branch 9 of 10)
Gamma9,G1,G1-3,Gamma9/G1/G1-3 - depth-3 leaf (mixed-depth branch 9 of 10)
Gamma9,G2,,Gamma9/G2 event A - depth-2 leaf sharing a node (branch 9 of 10)
Gamma9,G2,,Gamma9/G2 event B - second event on the same shared leaf (branch 9 of 10)
Gamma10,G1,G1-1,Gamma10/G1/G1-1 - depth-3 leaf (mixed-depth branch 10 of 10)
Gamma10,G1,G1-2,Gamma10/G1/G1-2 - depth-3 leaf (mixed-depth branch 10 of 10)
Gamma10,G1,G1-3,Gamma10/G1/G1-3 - depth-3 leaf (mixed-depth branch 10 of 10)
Gamma10,G2,,Gamma10/G2 event A - depth-2 leaf sharing a node (branch 10 of 10)
Gamma10,G2,,Gamma10/G2 event B - second event on the same shared leaf (branch 10 of 10)
Delta1,,,Delta1 - depth-1 leaf (branch 1 of 10)
Delta2,,,Delta2 - depth-1 leaf (branch 2 of 10)
Delta3,,,Delta3 - depth-1 leaf (branch 3 of 10)
Delta4,,,Delta4 - depth-1 leaf (branch 4 of 10)
Delta5,,,Delta5 - depth-1 leaf (branch 5 of 10)
Delta6,,,Delta6 - depth-1 leaf (branch 6 of 10)
Delta7,,,Delta7 - depth-1 leaf (branch 7 of 10)
Delta8,,,Delta8 - depth-1 leaf (branch 8 of 10)
Delta9,,,Delta9 - depth-1 leaf (branch 9 of 10)
Delta10,,,Delta10 - depth-1 leaf (branch 10 of 10)
