Date,Event
12/1/1955,Rosa Parks arrested for not moving to the back of the bus
12/4/1973,Pioneer 10 reaches Jupiter
12/5/1933,Prohibition ends
12/7/1941,"Japan bombs Pearl Harbor, Hawaii"
12/8/1980,John Lennon shot and killed in NYC
12/11/1941,US declares war on Germany and Italy
12/14/1911,South Pole first reached by Roald Amundsen
12/15/1791,U.S. Bill of Rights signed
12/16/1773,The Boston Tea Party
12/17/1770,Ludwig Von Beethoven is born
12/20/1998,U.S. President William Jefferson Clinton is impeached
12/21/1898,Pierre and Marie Curie discover radium
12/22/1865,General Sherman takes Savannah
12/23/1888,Dutch Painter Vincent Van Gogh cuts off his own ear
12/24/1814,War of 1812 Peace Treaty signed
12/25/1776,General George Washington and his troops cross the Delaware River
12/28/1895,World's first movie theater opens in Paris
12/29/1890,"The Battle of Wounded Knee, S.D."
1/2/1968,First successful human heart transplant performed
1/3/1959,Alaska becomes 49th U.S. state
1/4/1642,Sir Isaac Newton is born
1/5/1920,Boston Red Sox sell Babe Ruth to NY Yankees
1/6/1412,French heroine Joan of Arc born
1/8/1935,Elvis Presly is born
1/13/1930,First Mickey Mouse comic strip appears
1/17/1706,Benjamin Franklin is born
1/18/1778,Capt. James Cook finds Sandwich (Hawaiian) Islands
1/21/1799,Edward Jenners smallpox vaccine introduced
1/24/1924,"St. Petersburg, Russia renamed Leningrad"
1/25/1915,Alexander Graham Bell makes 1st transcontinental phone call
1/26/1875,Dentist's electric drill patented
1/27/1967,"Apollo 1 fire kills astronauts Grissom, White, and Chaffee"
1/30/1933,The Lone Ranger premieres on ABC radio
1/31/1865,Congress passes 13th Amendment abolishing slavery
2/2/1848,Treaty of Guadalupe Hidalgo end U.S-Mexican War
2/8/1587,Mary Queen of Scots beheaded
2/13/1866,"Jesse James hold up his first bank in Liberty, MO"
2/16/1923,Tutankhamen's burial chamber is opened
2/19/1878,Edison patents the gramophone
2/20/1792,U.S. Postal Service is created
2/23/1945,U.S. Marines raise the flag on Iwo Jima
2/24/1821,Mexico gains independence from Spain
2/26/1870,First NYC subway line opens
2/28/1854,Republican Party formally organized
3/1/1790,First U.S. census authorized
3/2/1973,Vietnam peace treaty signed in Paris
3/3/1931,The Star Spangled Banner become the U.S. national athem
3/7/1926,First transatlantic telephone call
3/8/1965,First U.S. troops arrive in Vietnam
3/10/1862,First U.S. paper currency is issued
3/11/1953,Nuclear bomb accidentally dropped on North Carolina
3/16/1830,Slowest day ever for NY Stock Exchange
3/18/1949,NATO is formed
3/21/1965,"Martin Luther King Jr. leads march from Selma to Montgomery, AL"
3/22/1903,Niagra Falls runs dry due to drought
3/24/1837,Canada grants blacks the right to vote
3/25/1911,"Triangle Shirtwaist Factory fire kills 145, only 13 girls survive"
3/27/1914,First successful blood transfusion
3/29/1932,Jack Benny debuts on radio
3/30/1932,Amelia Earhart is first woman to fly solo across the Atlantic
4/2/1978,Velcro is first sold
4/3/1882,Jesse James is killed
4/4/1581,Frances Drake completes circumnavigation of the world
4/8/1513,Ponce de Leon claims Florida for Spain
4/9/1865,Gen. Lee surrenders to Gen. Grant at Appomattox
4/10/1849,The safety pin is patented
4/14/1614,Pochahontas marries John Rolfe
4/15/1452,Leonardo da Vinci is born
4/16/1922,Annie Oakley shoot a record 100 clay targets in a row
4/19/1906,The Great San Francisco Earthquake
4/19/1956,Grace Kelley marries Prince Ranier III of Monaco
4/20/1889,Adolf Hitler was born
4/23/1564,WIlliam Shakespeare was born
4/26/1986,The Chernobyl nuclear disaster
4/28/1789,Fletcher Christian leads mutiny on HMS Bounty
4/29/1913,The zipper is patented
4/30/1803,U.S. purchased Louisiana Territory
5/2/1945,Berlin surrenders to the Russian army
5/4/1970,Four students killed by National Guard at Kent State University
5/5/1961,Alan Shepard is first American in space
5/6/1915,Ocean liner Lusitania sunk by German submarines
5/10/1994,Nelson Mandela sworn in as South Africa's first black president
5/17/1845,The rubber band was patented
5/18/1804,Napoleon became Emperor of France
5/21/1881,Clara Barton founded the American Red Cross
5/23/1945,British Prime Minister Winston Churchill resigns
5/24/1884,Samuel Morse send the first telegraph message
5/26/1896,Nicholas II crowned Czar of Russia
5/28/1934,The Dionne quintuplets were born
5/27/1923,Henry Kissenger was born
5/31/1962,Nazi war criminal Adolf Eichmann executed
6/2/1924,U.S. Congress grants Native Americans citizenship
6/4/1940,German forces invade Paris
6/5/1967,Six Day War begins between Isreal and it's Arab neighbors
6/12/1939,Baseball Hall of Fame opens in Cooperstown
6/18/1815,Wellington defeats Napolean at Waterloo
6/22/1970,26th Amendment lowers voting age to 18
6/24/1948,Soviet Union begins the Berlin Blockade
6/28/1919,"Treaty of Versailles signed, ending WWI"
6/29/1854,Gadsen Purchase--U.S. aquires parts of present day AZ & NM
6/30/1936,Gone With the Wind is published
7/1/1963,U.S. Postal Service starts using ZIP code system
7/4/1997,Mars Pathfinder lands on Mars
7/6/1933,First all star game is played at Chicago's Wrigley Field
7/8/1835,The Libery Bell cracks
7/11/1804,Alexander Hamilton shot by V.P. Aaron Burr in a duel
7/13/1977,New York City paralyzed by 25 hour black-out
7/15/1099,Crusaders take control of Jerusalem
7/16/1945,First atomic bomb detonated in NM
7/17/1998,Nicholas II of Russia and family buried 80 years after they are assasinated
7/18/1921,Black Sox trial begins in Chicago
7/20/1944,Franklin D. Roosevelt nominated for a fourth term as U.S. President
7/22/1934,Public Enemy #1 John Dillinger killed by FBI agents in Chicago
7/23/1935,An airplane crashes into the Empire State Building
7/25/1952,Puerto Rico becomes a self-governing commonwealth of the U.S.
7/26/1946,President Truman orders desegregation of all U.S. forces
7/27/1940,Bugs Bunny makes his debut
7/28/1959,Hawaii's first U.S. election send first Asian American to Congress
7/29/1957,Pres. Eisenhower signs legislation creating NASA
7/30/1830,"Henry Ford born in Dearborn, MI"
8/1/1291,"Republic of Switerland founded, the oldest republic still existing"
8/2/1990,"Iraq invades Kuwait, Emir flees to Saudi Arabia"
8/3/1492,Christopher Columbus sets sail from Spain
8/4/1914,England declares war on Germany; U.S. declares neutrality
8/5/1936,Jesse Owens wins his third gold medal at Berlin Olympics
8/6/1926,Warner Bros. Studios premieres first talking pictures
8/7/1942,Battle of Guadalcanal
8/13/1521,Spanish conqerors take Tenochtitlan (now Mexico City) from the Aztecs
8/14/1935,Social Security Law is established
8/15/1057,"Macbeth killed by Duncan, his rival for the Scottish throne"
8/16/1969,Woostock rock festival begins
8/26/1920,"19th Amendment ratified, giving women the right to vote"
8/30/1967,Thurgood Marshall becomes the first black Supreme Court Justice
9/1/1939,WWII begins as Germany invades Poland
9/3/1888,George Eastman patents roll film and registers the Kodak name
9/4/1781,Villiage of Los Angeles was founded
9/5/1997,Mother Theresa dies in Calcutta at age 87
9/6/1966,Star Trek television program premieres
9/7/1533,England's Elizabeth I is born
9/8/1565,"St. Augustine, FL founded, first permanent European settlement in North America"
9/12/1953,Nikita Khrushcheb becomes Soviet Prime Minister
9/13/1788,New York City becomes the first U.S. capital
9/14/1814,Francis Scott Key writes the Star Spangled Banner
9/15/1890,Mystery writer Agatha Christie was born
9/18/1851,First issue of the New York Times is published
9/20/1932,Gandhi begins a hunger strike protesting treatment of India's untouchables
9/21/1981,Sandra Day O'Connor becomes the first female U.S. Supreme Court Justice
9/22/1789,The U.S. Postal Service is established
10/1/1908,"Henry Ford introduces the Model T car, selling for $825"
10/2/1944,"Nazis crush the Warsaw uprising, killing 250,000 people"
10/3/1974,The Watergate trial began
10/4/1957,The Soviet Sputnik satellite is the first to orbit the earth
10/14/1947,U.S. Air Force Capt. Chuch Yeager is first pilot to exceed the speed of sound
10/17/1933,Albert Einstein emigrates to U.S. from Germany
10/21/1879,Thomas Edison demonstrates his incandescent electric lamp
10/1/1918,"Great Influenza Epidemic begins, killing over 18 million"
10/25/1854,Charge of the Light Brigade during the Crimean War
10/26/1881,Wyatt Earp & Doc Holliday face the Clanton gang at the OK Corral
10/27/1938,"Dupont announces invention of Nylon, named for New York and London"
10/28/1886,The Statue of Liberty is dedicated
10/31/1517,"Martin Luther posts his 95 Theses, triggering the Protestant Reformation"
11/5/1895,George Selden receives the first U.S. patent for an automobile
11/6/1869,Rutgers and Princeton play the first intercollegiate football game
11/8/1731,Benjamin Franklin opens the first public library in Philadelphia
11/9/1906,Theodore Roosevelt is the first U.S. president to visit other countries (Puerto Rico and Panama)
11/10/1926,Hirohito becomes Emperor of Japan
11/11/1939,God Bless America is publicly sung for the first time by Kate Smith
11/12/1954,Ellis Island immigration station in NY Harbor is closed
11/16/1532,Inca Empire falls to Spaniard Pizarro
11/17/1868,"Suez Canal in Egypt opens, linking Mediterranean and Red Seas"
11/18/1928,Mickey Mouse makes his animated debut in Steamboat Willie
11/20/1945,"International War Crimes Tribunal begins trials in Neuremburg, Germany"
11/21/1620,The Mayflower Compact was signed
11/22/1962,President John F. Kennedy was assasinated
11/29/1929,Commander Richard E. Byrd flies over the South Pole
12/1/1880,The White House has its first telephone installed
12/2/1823,The Monroe Doctrine declares European powers must stay out of the Western Hemisphere
12/7/1787,Delaware is the first state to ratify the U.S. Constitution
12/8/1941,U.S. and Britain declare war on Japan
12/11/1620,103 pilgrims land at Plymouth Rock
12/12/1800,"Washington, D.C. is established as the U.S. capital"
1/1/1863,Abraham Lincoln signs the Emancipation Proclamation ending slavery
1/19/1793,French King Louis XVI sentenced to death
1/24/1848,Gold discovered at Sutter's Mill starts California Gold Rush
1/28/1986,Space Shuttle Chanlleger explodes killing all on board
1/29/1886,First successful gasoline driven car patented by Karl Benz in Germany